[
  {
    "file": "WAR_PATH/WEB-INF/lib/com.liferay.shielded.container.api.jar/META-INF/liferay-releng.changelog",
    "checksum": "3176a103ce2267f89a9eee768dd067c7eaff1788d4793c4db793c8c1a4602c0f"
  },
  {
    "file": "WAR_PATH/WEB-INF/shielded-container-lib/com.liferay.portal.osgi.web.jasper.plugins.taglib.jar/META-INF/liferay-releng.changelog",
    "checksum": "65d59741e8cb4549a2cfd5ce087655e494c44e6bb3ede5524040e39dd9723e78"
  },
  {
    "file": "WAR_PATH/WEB-INF/shielded-container-lib/portal-kernel.jar/patcher-service.properties",
    "checksum": "c3990a7f3f746f382f50693e85621f619fe58326f23747d8ee34dcdabc0ebd32"
  },
  {
    "file": "WAR_PATH/WEB-INF/shielded-container-lib/com.liferay.portal.app.license.impl.jar/com/liferay/portal/app/license/a/a.class",
    "checksum": "dcdce28ae69c33c824cd63e2b375ac15d2bf50e723b6147aba8d500436b0b70b"
  },
  {
    "file": "WAR_PATH/WEB-INF/shielded-container-lib/com.liferay.portal.app.license.impl.jar/com/liferay/portal/app/license/impl/a.class",
    "checksum": "ca438a309dea4c2c562c0b4910ec8c5f23f6e9d248ac136c8b9af57b55b4d840"
  },
  {
    "file": "WAR_PATH/WEB-INF/shielded-container-lib/com.liferay.portal.app.license.impl.jar/com/liferay/portal/app/license/impl/a/a.class",
    "checksum": "015dc5bd9e8b10b8e8d8215b33b440bae9e9d2f099a2690d83a918a39b337ee3"
  },
  {
    "file": "WAR_PATH/WEB-INF/shielded-container-lib/com.liferay.portal.app.license.impl.jar/com/liferay/portal/app/license/impl/b$a.class",
    "checksum": "6bf2e9f343be1870ea12608af8a1b261f3bdcb8452cf3e8ebbc8fb7728b35f0e"
  },
  {
    "file": "WAR_PATH/WEB-INF/shielded-container-lib/com.liferay.portal.app.license.impl.jar/com/liferay/portal/app/license/impl/b.class",
    "checksum": "c02545cf1895036515eceaa83737774eb9aef6d0919d7f45d47e34802a8fb909"
  },
  {
    "file": "WAR_PATH/WEB-INF/shielded-container-lib/com.liferay.portal.app.license.impl.jar/com/liferay/portal/app/license/impl/c.class",
    "checksum": "2f0be42e9ae4b6fd05c473be1521db16fd599fb46b7084370a97cac5b0e245f2"
  },
  {
    "file": "WAR_PATH/WEB-INF/shielded-container-lib/com.liferay.petra.url.pattern.mapper.jar/META-INF/liferay-releng.changelog",
    "checksum": "9308ab431d001e91c9670937b467ffd085fef1cf7b3b6b4a6003efa063c1153e"
  },
  {
    "file": "WAR_PATH/WEB-INF/shielded-container-lib/com.liferay.petra.executor.jar/META-INF/liferay-releng.changelog",
    "checksum": "6bd38b6fd81fdb99c1eaaf13da20418b3f6c2026eec9755f1662bcc9e0fb353e"
  },
  {
    "file": "WAR_PATH/WEB-INF/shielded-container-lib/com.liferay.petra.sql.dsl.spi.jar/META-INF/liferay-releng.changelog",
    "checksum": "a7da45253c691b3518ab3ec53b658fdba2ef04f902b6450b1ad00524615db65d"
  },
  {
    "file": "WAR_PATH/WEB-INF/shielded-container-lib/com.liferay.jaxws.osgi.bridge.jar/META-INF/liferay-releng.changelog",
    "checksum": "24b9d80c83b4a248dda6efa91e07d853a1e70cf4570d4efbb05cdc3d33674efe"
  },
  {
    "file": "WAR_PATH/WEB-INF/shielded-container-lib/portal-impl.jar/patcher.properties",
    "checksum": "ba4227fad271ed377fa09e816509b45ddf9613b376681651006402225a79c13d"
  },
  {
    "file": "WAR_PATH/WEB-INF/shielded-container-lib/com.liferay.portal.log4j.jar/META-INF/liferay-releng.changelog",
    "checksum": "6b9ec84cf18ec4ea0e04c1324f6df83ef89b849888a70fa540fca335649a0211"
  },
  {
    "file": "MODULES_BASE_PATH/marketplace/Liferay Commerce - Liferay Commerce - Impl.lpkg/com.liferay.commerce.pricing.web-4.0.75.hotfix-3865-7413.jar/source-classes-mapping.txt",
    "checksum": "eb9662c73129ec9f4affec51c94f5452eea1de45f100721a5aed2935919a5261"
  },
  {
    "file": "WAR_PATH/WEB-INF/lib/support-tomcat.jar/META-INF/MANIFEST.MF",
    "checksum": "f3edc0992c0d372e2df31bb6c86bc11735103504a613b5ad227def941cadeddb"
  },
  {
    "file": "WAR_PATH/WEB-INF/lib/support-tomcat.jar/META-INF/maven/com.liferay.portal/com.liferay.support.tomcat/pom.properties",
    "checksum": "6d91842494122c44e611f0ac5a7d941ddda42778f4d14d33cdda9f94ad8a8e8b"
  },
  {
    "file": "WAR_PATH/WEB-INF/lib/com.liferay.shielded.container.impl.jar/META-INF/MANIFEST.MF",
    "checksum": "81b95277b8e6d50b93929795095fd10b05898f71e1d058301a1a4fd0264b8bb2"
  },
  {
    "file": "WAR_PATH/WEB-INF/lib/com.liferay.shielded.container.api.jar/META-INF/MANIFEST.MF",
    "checksum": "6324c474478315f6bd0ad4a07ed352e18a65670af9b204d1c5f4c369d3600a4d"
  },
  {
    "file": "WAR_PATH/WEB-INF/shielded-container-lib/com.liferay.petra.nio.jar/META-INF/MANIFEST.MF",
    "checksum": "0fa8079776c6857fe4ad4af928f6b2bfab0954cf1600a9883f5d06b85850b52e"
  },
  {
    "file": "WAR_PATH/WEB-INF/shielded-container-lib/com.liferay.portal.osgi.web.jasper.plugins.taglib.jar/META-INF/MANIFEST.MF",
    "checksum": "0e1b80a970203cffa929424b9271f0559f426fcae9016a4548e932dc498bbccf"
  },
  {
    "file": "WAR_PATH/WEB-INF/shielded-container-lib/com.liferay.portal.bootstrap.jar/META-INF/MANIFEST.MF",
    "checksum": "5d1b1286ad4ac0d0b96468344465ec9c61c020c686a11a31ca6c2782422595d4"
  },
  {
    "file": "WAR_PATH/WEB-INF/shielded-container-lib/com.liferay.portal.bootstrap.jar/META-INF/system.packages.extra.mf",
    "checksum": "48bab7b4902d74c5f85a893e94121dc376049ff725de0f2e8cb8ce3983ed3891"
  },
  {
    "file": "WAR_PATH/WEB-INF/shielded-container-lib/portal-kernel.jar/META-INF/MANIFEST.MF",
    "checksum": "63f46b88b20fa545582b36a011f913bbae7a22709ab398d3f61a1b99dd21fcfd"
  },
  {
    "file": "WAR_PATH/WEB-INF/shielded-container-lib/portal-kernel.jar/META-INF/maven/com.liferay.portal/com.liferay.portal.kernel/pom.properties",
    "checksum": "65ef93f4a5c6b7ede9679f77fe2a6e25999b0d73b8666a5f7dc83dd0d398f912"
  },
  {
    "file": "WAR_PATH/WEB-INF/shielded-container-lib/util-taglib.jar/META-INF/MANIFEST.MF",
    "checksum": "b5ba04b7879700d1961a7463b969b451979e65b8ede56effa37bd70a27a72c18"
  },
  {
    "file": "WAR_PATH/WEB-INF/shielded-container-lib/util-taglib.jar/META-INF/maven/com.liferay.portal/com.liferay.util.taglib/pom.properties",
    "checksum": "be9a49c8d9159c17b7d6120731d7471a1a00a8eed8b11c032adf90cc89d925f8"
  },
  {
    "file": "WAR_PATH/WEB-INF/shielded-container-lib/com.liferay.portal.app.license.impl.jar/META-INF/MANIFEST.MF",
    "checksum": "cde180adb1bcb9e7e620404573b159250dac7d6ee663e7ef44f7baaeddb29438"
  },
  {
    "file": "WAR_PATH/WEB-INF/shielded-container-lib/com.liferay.portal.app.license.impl.jar/com/liferay/portal/app/license/impl/MarketplaceAppLicenseHookConfigurator.class",
    "checksum": "cf680df10d7fd05f170315ba831dc2d657db01f805b3ecac295dc01e6c4ff85a"
  },
  {
    "file": "WAR_PATH/WEB-INF/shielded-container-lib/util-bridges.jar/META-INF/MANIFEST.MF",
    "checksum": "c52313fe5084f295e313e0060d42df977db6655b88c9d40f0d99a79e814594b3"
  },
  {
    "file": "WAR_PATH/WEB-INF/shielded-container-lib/util-bridges.jar/META-INF/maven/com.liferay.portal/com.liferay.util.bridges/pom.properties",
    "checksum": "796cea6284c2bd4307eb5c191b4b1528bbd9e33c9258509df8a61e2dd32961da"
  },
  {
    "file": "WAR_PATH/WEB-INF/shielded-container-lib/com.liferay.petra.sql.dsl.api.jar/META-INF/MANIFEST.MF",
    "checksum": "f7bad44cb9564c6a2eb8b01ef39a20dac147b61e09f30a4b270d2bde0a06f904"
  },
  {
    "file": "WAR_PATH/WEB-INF/shielded-container-lib/com.liferay.portal.jsp.engine.jar/META-INF/MANIFEST.MF",
    "checksum": "d85ee42179cfabd803296186916077837b1263a6424d876a5b794b90b8214c37"
  },
  {
    "file": "WAR_PATH/WEB-INF/shielded-container-lib/com.liferay.portal.app.license.api.jar/META-INF/MANIFEST.MF",
    "checksum": "13d46b3c8a686223ba61ddf8ca79bf4e293f9367257abeaaac9cd363f86dea3c"
  },
  {
    "file": "WAR_PATH/WEB-INF/shielded-container-lib/com.liferay.petra.url.pattern.mapper.jar/META-INF/MANIFEST.MF",
    "checksum": "f0cfbb793a14a45c1f67979c8cb9b06b1cbf12ecf242a18b3d901e8c8470f5fe"
  },
  {
    "file": "WAR_PATH/WEB-INF/shielded-container-lib/com.liferay.petra.string.jar/META-INF/MANIFEST.MF",
    "checksum": "5c0981ae2312005b6aae2d9f85f8752d91f023c4f34c465c5b79ffaa3551eb75"
  },
  {
    "file": "WAR_PATH/WEB-INF/shielded-container-lib/com.liferay.petra.executor.jar/META-INF/MANIFEST.MF",
    "checksum": "b9ce4f3faedfe8b659e921c48d1678ab7e474d536dfc7f2b0d4966085fd8a0c0"
  },
  {
    "file": "WAR_PATH/WEB-INF/shielded-container-lib/com.liferay.petra.sql.dsl.spi.jar/META-INF/MANIFEST.MF",
    "checksum": "7d4461897e70052769380b934ae3fff6fe65d0ad81b5edde23e076e42c04d001"
  },
  {
    "file": "WAR_PATH/WEB-INF/shielded-container-lib/com.liferay.portal.app.license.resolver.hook.jar/META-INF/MANIFEST.MF",
    "checksum": "2e560e5f76935d28a80bbdcacc0d9a951fb40d80fff6a3f9db95ceeceab26462"
  },
  {
    "file": "WAR_PATH/WEB-INF/shielded-container-lib/com.liferay.portal.dao.db.jar/META-INF/MANIFEST.MF",
    "checksum": "b122ccddb5761a68bddc789b8b8801a259985bfefcf26c3de1607a3bb0db2cf4"
  },
  {
    "file": "WAR_PATH/WEB-INF/shielded-container-lib/util-java.jar/META-INF/MANIFEST.MF",
    "checksum": "0da09f2ca48c7dae71f531bd94956d146b5dacf2d667327906cd7a6de9e1c3fd"
  },
  {
    "file": "WAR_PATH/WEB-INF/shielded-container-lib/util-java.jar/META-INF/maven/com.liferay.portal/com.liferay.util.java/pom.properties",
    "checksum": "fc2cda1b52a4516af3e3e9532faddf39ec334178aab2e634e927b35bf4051ab4"
  },
  {
    "file": "WAR_PATH/WEB-INF/shielded-container-lib/com.liferay.jaxws.osgi.bridge.jar/META-INF/MANIFEST.MF",
    "checksum": "305522d587d11149b168680f6c9037a754efd3c7efd835227ef29985b4a04c60"
  },
  {
    "file": "WAR_PATH/WEB-INF/shielded-container-lib/com.liferay.petra.concurrent.jar/META-INF/MANIFEST.MF",
    "checksum": "4317df69b6b3788a6fe3b64844eb21b78924c6a780374d948bc05f205d3ec952"
  },
  {
    "file": "WAR_PATH/WEB-INF/shielded-container-lib/com.liferay.petra.lang.jar/META-INF/MANIFEST.MF",
    "checksum": "c0ca1838800d358a1b3970da73b2aa3df5841700c9f045a3edcc05f46a5535a6"
  },
  {
    "file": "WAR_PATH/WEB-INF/shielded-container-lib/com.liferay.petra.process.jar/META-INF/MANIFEST.MF",
    "checksum": "710f0cd81612363eeada3278aaf7d3b81d3d5a54db9d73ba9a6a8eeb35399a20"
  },
  {
    "file": "WAR_PATH/WEB-INF/shielded-container-lib/com.liferay.petra.memory.jar/META-INF/MANIFEST.MF",
    "checksum": "bc0a3f1dd4216715ff2f993d2e13197f7dcfb98c05abc5abc217dc9397c9ca7b"
  },
  {
    "file": "WAR_PATH/WEB-INF/shielded-container-lib/com.liferay.petra.function.jar/META-INF/MANIFEST.MF",
    "checksum": "3b76467c19d3d319b43b1a46eec08c07b550b5ea6a5894fbe2841942432a8e00"
  },
  {
    "file": "WAR_PATH/WEB-INF/shielded-container-lib/com.liferay.petra.reflect.jar/META-INF/MANIFEST.MF",
    "checksum": "27fc1d5aa06a8eb55a3f16531169341ff4bae47ac6f48103f849f7d3a6de605d"
  },
  {
    "file": "WAR_PATH/WEB-INF/shielded-container-lib/portal-impl.jar/META-INF/MANIFEST.MF",
    "checksum": "a9241d0081592a1754b1961ad5d7fb88e3b40305c9b9aeee3e172379e88c98b5"
  },
  {
    "file": "WAR_PATH/WEB-INF/shielded-container-lib/portal-impl.jar/META-INF/maven/com.liferay.portal/com.liferay.portal.impl/pom.properties",
    "checksum": "d0a96086f97524fb41e1aceffd790df887a84e6966a802b4963baf446649e3ea"
  },
  {
    "file": "WAR_PATH/WEB-INF/shielded-container-lib/portal-impl.jar/com/liferay/portal/deploy/dependencies/maven/com.liferay.portal/com.liferay.util.taglib/pom.properties",
    "checksum": "be9a49c8d9159c17b7d6120731d7471a1a00a8eed8b11c032adf90cc89d925f8"
  },
  {
    "file": "WAR_PATH/WEB-INF/shielded-container-lib/portal-impl.jar/com/liferay/portal/deploy/dependencies/util-bridges.jar",
    "checksum": "9f711f1c6435111428831781c5562a9b5192ef899fd1b33d7c703f030a47a25b"
  },
  {
    "file": "WAR_PATH/WEB-INF/shielded-container-lib/portal-impl.jar/com/liferay/portal/deploy/dependencies/util-java.jar",
    "checksum": "d756deba35b18833a2cea1b6dbc93a8ce0a8ed510a231af1bb01d6f182496846"
  },
  {
    "file": "WAR_PATH/WEB-INF/shielded-container-lib/portal-impl.jar/com/liferay/portal/deploy/dependencies/util-slf4j.jar",
    "checksum": "fe8ee383cdee430861f881f9e35b9fd199acfa3141506401d91de2e0050a2c99"
  },
  {
    "file": "WAR_PATH/WEB-INF/shielded-container-lib/portal-impl.jar/com/liferay/portal/deploy/dependencies/util-taglib.jar",
    "checksum": "9ed091f63ae12050b9cf7dca885b5fbfe08387fc857e54668fe2cc565dc8686d"
  },
  {
    "file": "WAR_PATH/WEB-INF/shielded-container-lib/util-slf4j.jar/META-INF/MANIFEST.MF",
    "checksum": "6d5458e3a7468f3798ee6ed44d6a56e1e2ead452052a1c39fccf7b6abb26bc3d"
  },
  {
    "file": "WAR_PATH/WEB-INF/shielded-container-lib/util-slf4j.jar/META-INF/maven/com.liferay.portal/com.liferay.util.slf4j/pom.properties",
    "checksum": "66af5b6e3106a7a463abca9df8fe35438135c6192ca48640bbd7bb16a7b6951d"
  },
  {
    "file": "WAR_PATH/WEB-INF/shielded-container-lib/com.liferay.osgi.service.tracker.collections.jar/META-INF/MANIFEST.MF",
    "checksum": "7d19e307550291c660cd8af631cf9e9244ed9faff7cadd73f8110a2cc01c6e6b"
  },
  {
    "file": "WAR_PATH/WEB-INF/shielded-container-lib/com.liferay.petra.io.jar/META-INF/MANIFEST.MF",
    "checksum": "3121f5695f2eceebb9124df0c3c9c5571e117ee37bf3c60b2517b47aa83a7231"
  },
  {
    "file": "WAR_PATH/WEB-INF/shielded-container-lib/com.liferay.portal.web.jar/META-INF/MANIFEST.MF",
    "checksum": "b7dbc82acc5a0de4ede6ed0f8a78c8e4f9481e982d65bc31f0472a076fc2feb6"
  },
  {
    "file": "WAR_PATH/WEB-INF/shielded-container-lib/com.liferay.portal.log4j.jar/META-INF/MANIFEST.MF",
    "checksum": "fa7f815d6954a6ec9ae49165ed50755225d1b857b8972e4fb7f2e4a7efe14502"
  },
  {
    "file": "MODULES_BASE_PATH/marketplace/Liferay Commerce - Liferay Commerce - Impl.lpkg/com.liferay.commerce.pricing.web-4.0.75.hotfix-3865-7413.jar/META-INF/MANIFEST.MF",
    "checksum": "f19b6328c1e5c76c942e5b716b3999acb6ceea6bfb19fdeb348a8277f5a5a9d7"
  },
  {
    "file": "MODULES_BASE_PATH/marketplace/Liferay Commerce - Liferay Commerce - Impl.lpkg/com.liferay.commerce.pricing.web-4.0.75.hotfix-3865-7413.jar/META-INF/resources/commerce_discounts/add_commerce_discount.jsp",
    "checksum": "5635ffc1e58e44c77f55e1862968c784120b52ddd09d3cf7ca97fe6bab0c06f9"
  },
  {
    "file": "MODULES_BASE_PATH/marketplace/Liferay Commerce - Liferay Commerce - Impl.lpkg/com.liferay.commerce.pricing.web-4.0.75.hotfix-3865-7413.jar/META-INF/resources/commerce_discounts/coupon_code.jspf",
    "checksum": "c8c238944ad423bb43601c373d94ec180e6f48a2f944d16525037406b5ffa753"
  },
  {
    "file": "MODULES_BASE_PATH/marketplace/Liferay Commerce - Liferay Commerce - Impl.lpkg/com.liferay.commerce.pricing.web-4.0.75.hotfix-3865-7413.jar/META-INF/resources/commerce_discounts/details.jsp",
    "checksum": "4c73fcfac88b71c819e69928067eb9f2e029672f33fa5088e039f047765b5df7"
  },
  {
    "file": "MODULES_BASE_PATH/marketplace/Liferay Commerce - Liferay Commerce - Impl.lpkg/com.liferay.commerce.pricing.web-4.0.75.hotfix-3865-7413.jar/META-INF/resources/commerce_discounts/edit_commerce_discount.jsp",
    "checksum": "eb858074bb32f14c4872ee83fa272f4bf64790f4aef4e77abc72d97ada5e8f75"
  },
  {
    "file": "MODULES_BASE_PATH/marketplace/Liferay Commerce - Liferay Commerce - Impl.lpkg/com.liferay.commerce.pricing.web-4.0.75.hotfix-3865-7413.jar/META-INF/resources/commerce_discounts/edit_commerce_discount_external_reference_code.jsp",
    "checksum": "1b9df62224e068a1fd9690714c90734a62a6af55732c342e935169f2223e2c6f"
  },
  {
    "file": "MODULES_BASE_PATH/marketplace/Liferay Commerce - Liferay Commerce - Impl.lpkg/com.liferay.commerce.pricing.web-4.0.75.hotfix-3865-7413.jar/META-INF/resources/commerce_discounts/qualifier/account_groups.jspf",
    "checksum": "a109bab0241f2d1b5c48231c9f0238d7759548dad6d8238e0f2f5226d1b24699"
  },
  {
    "file": "MODULES_BASE_PATH/marketplace/Liferay Commerce - Liferay Commerce - Impl.lpkg/com.liferay.commerce.pricing.web-4.0.75.hotfix-3865-7413.jar/META-INF/resources/commerce_discounts/qualifier/accounts.jspf",
    "checksum": "a1de66caa1ccd1bd026576aeb47c896f26d768cda25cf00f26c25018acbd3f7c"
  },
  {
    "file": "MODULES_BASE_PATH/marketplace/Liferay Commerce - Liferay Commerce - Impl.lpkg/com.liferay.commerce.pricing.web-4.0.75.hotfix-3865-7413.jar/META-INF/resources/commerce_discounts/qualifier/channels.jspf",
    "checksum": "903a0d49e5250215e090714f98dc110fc18ada6074c57faf991ea5abcfb603e4"
  },
  {
    "file": "MODULES_BASE_PATH/marketplace/Liferay Commerce - Liferay Commerce - Impl.lpkg/com.liferay.commerce.pricing.web-4.0.75.hotfix-3865-7413.jar/META-INF/resources/commerce_discounts/qualifier/order_types.jspf",
    "checksum": "5ad8d973d3992e89501f8ec78482681d9325b4d1ce4784b7ac9fc48cc0ee5470"
  },
  {
    "file": "MODULES_BASE_PATH/marketplace/Liferay Commerce - Liferay Commerce - Impl.lpkg/com.liferay.commerce.pricing.web-4.0.75.hotfix-3865-7413.jar/META-INF/resources/commerce_discounts/qualifiers.jsp",
    "checksum": "5e871e09f01de93b215cfd1cc6b239e55c66369c28ffca1bd94d1c02d3125028"
  },
  {
    "file": "MODULES_BASE_PATH/marketplace/Liferay Commerce - Liferay Commerce - Impl.lpkg/com.liferay.commerce.pricing.web-4.0.75.hotfix-3865-7413.jar/META-INF/resources/commerce_discounts/rule/add_commerce_discount_rule.jsp",
    "checksum": "cee6b53bcfe72f34ee11c5b3927b1b9ad5e1360224a5a178d6797045e6616982"
  },
  {
    "file": "MODULES_BASE_PATH/marketplace/Liferay Commerce - Liferay Commerce - Impl.lpkg/com.liferay.commerce.pricing.web-4.0.75.hotfix-3865-7413.jar/META-INF/resources/commerce_discounts/rule/edit_commerce_discount_rule.jsp",
    "checksum": "8484f0615b9eff56e26f0da205c38579f2888a502300aefb53117cd3c8209b3b"
  },
  {
    "file": "MODULES_BASE_PATH/marketplace/Liferay Commerce - Liferay Commerce - Impl.lpkg/com.liferay.commerce.pricing.web-4.0.75.hotfix-3865-7413.jar/META-INF/resources/commerce_discounts/rule/type/added_all.jsp",
    "checksum": "28b9d30331cf7bdcbbce15958ce2fb436fb3904b9617bcaa9d3e7befa8b69f44"
  },
  {
    "file": "MODULES_BASE_PATH/marketplace/Liferay Commerce - Liferay Commerce - Impl.lpkg/com.liferay.commerce.pricing.web-4.0.75.hotfix-3865-7413.jar/META-INF/resources/commerce_discounts/rule/type/added_any.jsp",
    "checksum": "2061a4fb1a1a3fa118646d1f280d30f0c5e37517c3ef35fd8e08904b2498f2b9"
  },
  {
    "file": "MODULES_BASE_PATH/marketplace/Liferay Commerce - Liferay Commerce - Impl.lpkg/com.liferay.commerce.pricing.web-4.0.75.hotfix-3865-7413.jar/META-INF/resources/commerce_discounts/rule/type/cart_total.jsp",
    "checksum": "e0192fded669a9f489e277fa611959b957d7f6afe33cd9699732a45851908269"
  },
  {
    "file": "MODULES_BASE_PATH/marketplace/Liferay Commerce - Liferay Commerce - Impl.lpkg/com.liferay.commerce.pricing.web-4.0.75.hotfix-3865-7413.jar/META-INF/resources/commerce_discounts/rule/type/products.jspf",
    "checksum": "9fcc9e1577ce0866c4f4d7e62c9a4e2012b60f7fd8edb9e53ac7daa2b560267c"
  },
  {
    "file": "MODULES_BASE_PATH/marketplace/Liferay Commerce - Liferay Commerce - Impl.lpkg/com.liferay.commerce.pricing.web-4.0.75.hotfix-3865-7413.jar/META-INF/resources/commerce_discounts/rules.jspf",
    "checksum": "6e7fb25fe33f8871c3d4afcf225c0c43eaf8b734019020ce9f1f6927056d298f"
  },
  {
    "file": "MODULES_BASE_PATH/marketplace/Liferay Commerce - Liferay Commerce - Impl.lpkg/com.liferay.commerce.pricing.web-4.0.75.hotfix-3865-7413.jar/META-INF/resources/commerce_discounts/target/categories.jspf",
    "checksum": "2d2b59c522e005d6c8998a82186ca2d8c947724c04929c27d46488f98b254eba"
  },
  {
    "file": "MODULES_BASE_PATH/marketplace/Liferay Commerce - Liferay Commerce - Impl.lpkg/com.liferay.commerce.pricing.web-4.0.75.hotfix-3865-7413.jar/META-INF/resources/commerce_discounts/target/pricing_classes.jspf",
    "checksum": "27495a0703c848d77d0a14d3648e865545f533e7ddcdb6209d61c412bfab2aac"
  },
  {
    "file": "MODULES_BASE_PATH/marketplace/Liferay Commerce - Liferay Commerce - Impl.lpkg/com.liferay.commerce.pricing.web-4.0.75.hotfix-3865-7413.jar/META-INF/resources/commerce_discounts/target/products.jspf",
    "checksum": "021362d518694152d1233549d1318cfdde571827ad670b741eb296e118e34517"
  },
  {
    "file": "MODULES_BASE_PATH/marketplace/Liferay Commerce - Liferay Commerce - Impl.lpkg/com.liferay.commerce.pricing.web-4.0.75.hotfix-3865-7413.jar/META-INF/resources/commerce_discounts/target/skus.jspf",
    "checksum": "69d1c6bd3b59ed74ed2c164d36b482470958fa7d83b46403805a5b24021e2243"
  },
  {
    "file": "MODULES_BASE_PATH/marketplace/Liferay Commerce - Liferay Commerce - Impl.lpkg/com.liferay.commerce.pricing.web-4.0.75.hotfix-3865-7413.jar/META-INF/resources/commerce_discounts/view.jsp",
    "checksum": "223cee749de80ae04d657369c54f9c17958098fe7a03ec0facedb4cbed0dd3c4"
  },
  {
    "file": "MODULES_BASE_PATH/marketplace/Liferay Commerce - Liferay Commerce - Impl.lpkg/com.liferay.commerce.pricing.web-4.0.75.hotfix-3865-7413.jar/META-INF/resources/commerce_price_lists/add_commerce_price_list.jsp",
    "checksum": "03181ffdac675706e08806be4a511bb91250323bcd2e3d778adbed012223b02f"
  },
  {
    "file": "MODULES_BASE_PATH/marketplace/Liferay Commerce - Liferay Commerce - Impl.lpkg/com.liferay.commerce.pricing.web-4.0.75.hotfix-3865-7413.jar/META-INF/resources/commerce_price_lists/add_commerce_price_modifier.jsp",
    "checksum": "3102a0d92b7a9b45783605e1b8839361bd55610d09507d09a5c152407e196272"
  },
  {
    "file": "MODULES_BASE_PATH/marketplace/Liferay Commerce - Liferay Commerce - Impl.lpkg/com.liferay.commerce.pricing.web-4.0.75.hotfix-3865-7413.jar/META-INF/resources/commerce_price_lists/add_commerce_tier_price_entry.jsp",
    "checksum": "710aafde34f4cd74d431f13dcb2fb6ddd081b7388600ab53e76bccf945bbf468"
  },
  {
    "file": "MODULES_BASE_PATH/marketplace/Liferay Commerce - Liferay Commerce - Impl.lpkg/com.liferay.commerce.pricing.web-4.0.75.hotfix-3865-7413.jar/META-INF/resources/commerce_price_lists/commerce_price_entry/custom_fields.jspf",
    "checksum": "bb8c15223013e49db84e7a0c3951ed82c72bbb821d244c4074ce0c5a47dfd824"
  },
  {
    "file": "MODULES_BASE_PATH/marketplace/Liferay Commerce - Liferay Commerce - Impl.lpkg/com.liferay.commerce.pricing.web-4.0.75.hotfix-3865-7413.jar/META-INF/resources/commerce_price_lists/commerce_price_entry/details.jspf",
    "checksum": "aa5171878df7c33a364ecc0292f47b32174577f71ad8f9209b8ac13ee04f8b82"
  },
  {
    "file": "MODULES_BASE_PATH/marketplace/Liferay Commerce - Liferay Commerce - Impl.lpkg/com.liferay.commerce.pricing.web-4.0.75.hotfix-3865-7413.jar/META-INF/resources/commerce_price_lists/commerce_price_list/details.jsp",
    "checksum": "23d93109d1403a25eb495867301781aca253ea454b29ad427a5bff2ce83c4507"
  },
  {
    "file": "MODULES_BASE_PATH/marketplace/Liferay Commerce - Liferay Commerce - Impl.lpkg/com.liferay.commerce.pricing.web-4.0.75.hotfix-3865-7413.jar/META-INF/resources/commerce_price_lists/commerce_price_list/edit_commerce_price_list_external_reference_code.jsp",
    "checksum": "0ec7bf84b9371e4ec7245559aae910cdb36cbbf6dd6b197a6d2689dae5c39447"
  },
  {
    "file": "MODULES_BASE_PATH/marketplace/Liferay Commerce - Liferay Commerce - Impl.lpkg/com.liferay.commerce.pricing.web-4.0.75.hotfix-3865-7413.jar/META-INF/resources/commerce_price_lists/commerce_price_modifier/categories.jsp",
    "checksum": "798df9559b83d5170c06678656c38c93fe2ca2097427994d847ace5e7821b080"
  },
  {
    "file": "MODULES_BASE_PATH/marketplace/Liferay Commerce - Liferay Commerce - Impl.lpkg/com.liferay.commerce.pricing.web-4.0.75.hotfix-3865-7413.jar/META-INF/resources/commerce_price_lists/commerce_price_modifier/info.jsp",
    "checksum": "98eb05f62c7e0f641d0799b0cd0424d27cdf7d07d1a7a108e48ea6c10fbf64a2"
  },
  {
    "file": "MODULES_BASE_PATH/marketplace/Liferay Commerce - Liferay Commerce - Impl.lpkg/com.liferay.commerce.pricing.web-4.0.75.hotfix-3865-7413.jar/META-INF/resources/commerce_price_lists/commerce_price_modifier/pricing_classes.jsp",
    "checksum": "f0037cf558185ea7c732395e13076a6f7846d5a4734b3cf41f95fc811be2265f"
  },
  {
    "file": "MODULES_BASE_PATH/marketplace/Liferay Commerce - Liferay Commerce - Impl.lpkg/com.liferay.commerce.pricing.web-4.0.75.hotfix-3865-7413.jar/META-INF/resources/commerce_price_lists/commerce_price_modifier/products.jsp",
    "checksum": "6a2d5c637bcdf97c523c49927d3f499cc78261128f158bef960c527ef67f5140"
  },
  {
    "file": "MODULES_BASE_PATH/marketplace/Liferay Commerce - Liferay Commerce - Impl.lpkg/com.liferay.commerce.pricing.web-4.0.75.hotfix-3865-7413.jar/META-INF/resources/commerce_price_lists/commerce_tier_price_entry/details.jspf",
    "checksum": "e92122d8e855d79ea64c4b21a19412ce9f7456f7d916fd76ad170af17b27e925"
  },
  {
    "file": "MODULES_BASE_PATH/marketplace/Liferay Commerce - Liferay Commerce - Impl.lpkg/com.liferay.commerce.pricing.web-4.0.75.hotfix-3865-7413.jar/META-INF/resources/commerce_price_lists/cp_instance/cp_instance_commerce_price_lists.jsp",
    "checksum": "a5c5a84e03430036df669af3377e2e61bf398d764c0384b37a61b363edba7297"
  },
  {
    "file": "MODULES_BASE_PATH/marketplace/Liferay Commerce - Liferay Commerce - Impl.lpkg/com.liferay.commerce.pricing.web-4.0.75.hotfix-3865-7413.jar/META-INF/resources/commerce_price_lists/cp_instance/cp_instance_commerce_tier_price_entries.jsp",
    "checksum": "bd505f9328d4bc575d4f03038e352c73c3039dd53ba16b797987cab0fe97be55"
  },
  {
    "file": "MODULES_BASE_PATH/marketplace/Liferay Commerce - Liferay Commerce - Impl.lpkg/com.liferay.commerce.pricing.web-4.0.75.hotfix-3865-7413.jar/META-INF/resources/commerce_price_lists/cp_instance/details.jsp",
    "checksum": "3d7f8917f596a26a6665d477211a8b875f6685edad398ea36af4dad52b0d1a22"
  },
  {
    "file": "MODULES_BASE_PATH/marketplace/Liferay Commerce - Liferay Commerce - Impl.lpkg/com.liferay.commerce.pricing.web-4.0.75.hotfix-3865-7413.jar/META-INF/resources/commerce_price_lists/cp_instance/edit_cp_instance_commerce_price_entry.jsp",
    "checksum": "3d12f1715e41da1e403671a9fb84eb15c946e7fbd99538b50a77cfe9a3fbae1d"
  },
  {
    "file": "MODULES_BASE_PATH/marketplace/Liferay Commerce - Liferay Commerce - Impl.lpkg/com.liferay.commerce.pricing.web-4.0.75.hotfix-3865-7413.jar/META-INF/resources/commerce_price_lists/cp_instance/edit_cp_instance_commerce_tier_price_entry.jsp",
    "checksum": "b10ca284883fe1ea3053cfd619182d96f90e047abaa9d45b1e90be1c7aaef27f"
  },
  {
    "file": "MODULES_BASE_PATH/marketplace/Liferay Commerce - Liferay Commerce - Impl.lpkg/com.liferay.commerce.pricing.web-4.0.75.hotfix-3865-7413.jar/META-INF/resources/commerce_price_lists/edit_commerce_price_entry.jsp",
    "checksum": "3f120b34b30897508847c15a2b35a5fc0b5c5aa07a931cc7cee9f3131aae933f"
  },
  {
    "file": "MODULES_BASE_PATH/marketplace/Liferay Commerce - Liferay Commerce - Impl.lpkg/com.liferay.commerce.pricing.web-4.0.75.hotfix-3865-7413.jar/META-INF/resources/commerce_price_lists/edit_commerce_price_list.jsp",
    "checksum": "47969a5347942d6c34eed2e8915cb189b849f65a4b592c672187c8ce25a4e681"
  },
  {
    "file": "MODULES_BASE_PATH/marketplace/Liferay Commerce - Liferay Commerce - Impl.lpkg/com.liferay.commerce.pricing.web-4.0.75.hotfix-3865-7413.jar/META-INF/resources/commerce_price_lists/edit_commerce_price_modifier.jsp",
    "checksum": "7677f0dbb856a3f99fc722d327cc7bded458f2a35fbccdc01fd6484c40738acc"
  },
  {
    "file": "MODULES_BASE_PATH/marketplace/Liferay Commerce - Liferay Commerce - Impl.lpkg/com.liferay.commerce.pricing.web-4.0.75.hotfix-3865-7413.jar/META-INF/resources/commerce_price_lists/edit_commerce_tier_price_entry.jsp",
    "checksum": "fe89bab193dc927d76c3e141f1b41ce005e686cfc290b2e3c5abd7fe696539b0"
  },
  {
    "file": "MODULES_BASE_PATH/marketplace/Liferay Commerce - Liferay Commerce - Impl.lpkg/com.liferay.commerce.pricing.web-4.0.75.hotfix-3865-7413.jar/META-INF/resources/commerce_price_lists/price_entries.jsp",
    "checksum": "4c5cb6b37e70a0e553610d2ffd300d03fc3af1343b28d824e89c337aea24beea"
  },
  {
    "file": "MODULES_BASE_PATH/marketplace/Liferay Commerce - Liferay Commerce - Impl.lpkg/com.liferay.commerce.pricing.web-4.0.75.hotfix-3865-7413.jar/META-INF/resources/commerce_price_lists/price_modifiers.jsp",
    "checksum": "0aebaceab2ecff6cb37a426dabb5ef0ec6618b5fee3ca53954c3897072bae1b8"
  },
  {
    "file": "MODULES_BASE_PATH/marketplace/Liferay Commerce - Liferay Commerce - Impl.lpkg/com.liferay.commerce.pricing.web-4.0.75.hotfix-3865-7413.jar/META-INF/resources/commerce_price_lists/qualifier/account_groups.jspf",
    "checksum": "7734a0b4321f046bd4976736f0fa3e5a048d8c2187e9cade247d2891be7e2a2d"
  },
  {
    "file": "MODULES_BASE_PATH/marketplace/Liferay Commerce - Liferay Commerce - Impl.lpkg/com.liferay.commerce.pricing.web-4.0.75.hotfix-3865-7413.jar/META-INF/resources/commerce_price_lists/qualifier/accounts.jspf",
    "checksum": "b0bfc6596c4b08c88d0a55ea1865ce554ea62b961eb84b34c464fa31af3019d5"
  },
  {
    "file": "MODULES_BASE_PATH/marketplace/Liferay Commerce - Liferay Commerce - Impl.lpkg/com.liferay.commerce.pricing.web-4.0.75.hotfix-3865-7413.jar/META-INF/resources/commerce_price_lists/qualifier/channels.jspf",
    "checksum": "e47a6d9c7473cb9e0e4827617b0986b78948cf49a5bb97e5955e8c3e1ce67b4b"
  },
  {
    "file": "MODULES_BASE_PATH/marketplace/Liferay Commerce - Liferay Commerce - Impl.lpkg/com.liferay.commerce.pricing.web-4.0.75.hotfix-3865-7413.jar/META-INF/resources/commerce_price_lists/qualifier/order_types.jspf",
    "checksum": "07938d02c468a25b2330c2fa6a77623eca7d71584c0692953d7fe1883fd48984"
  },
  {
    "file": "MODULES_BASE_PATH/marketplace/Liferay Commerce - Liferay Commerce - Impl.lpkg/com.liferay.commerce.pricing.web-4.0.75.hotfix-3865-7413.jar/META-INF/resources/commerce_price_lists/qualifiers.jsp",
    "checksum": "4bde9acc5e89f21967788cc11e40f9208ee7abf02b8399d3fd0b184ed2c61093"
  },
  {
    "file": "MODULES_BASE_PATH/marketplace/Liferay Commerce - Liferay Commerce - Impl.lpkg/com.liferay.commerce.pricing.web-4.0.75.hotfix-3865-7413.jar/META-INF/resources/commerce_price_lists/view.jsp",
    "checksum": "e6aba13155304ae9df3770bdfe81a636e4a678f1ef35b93f5eadc26f05214c1a"
  },
  {
    "file": "MODULES_BASE_PATH/marketplace/Liferay Commerce - Liferay Commerce - Impl.lpkg/com.liferay.commerce.pricing.web-4.0.75.hotfix-3865-7413.jar/META-INF/resources/commerce_pricing_class/add_commerce_pricing_class.jsp",
    "checksum": "967d85e667c2acee0acc286f9f91790aeddeed8f1625a4200ad304c7cad81de3"
  },
  {
    "file": "MODULES_BASE_PATH/marketplace/Liferay Commerce - Liferay Commerce - Impl.lpkg/com.liferay.commerce.pricing.web-4.0.75.hotfix-3865-7413.jar/META-INF/resources/commerce_pricing_class/details.jsp",
    "checksum": "4eb6c48bdbaad4d8dc10dd950be44f65778a3c697358a0470b58aed10d3d8a63"
  },
  {
    "file": "MODULES_BASE_PATH/marketplace/Liferay Commerce - Liferay Commerce - Impl.lpkg/com.liferay.commerce.pricing.web-4.0.75.hotfix-3865-7413.jar/META-INF/resources/commerce_pricing_class/discounts.jsp",
    "checksum": "352024fbc48216b79450187b144873e4f952dcb6bef490555744232cd35c4de8"
  },
  {
    "file": "MODULES_BASE_PATH/marketplace/Liferay Commerce - Liferay Commerce - Impl.lpkg/com.liferay.commerce.pricing.web-4.0.75.hotfix-3865-7413.jar/META-INF/resources/commerce_pricing_class/edit_commerce_pricing_class.jsp",
    "checksum": "de60600a94074df43afe1fcca5b01a51981348bc94019cbf17b1385f2d402be8"
  },
  {
    "file": "MODULES_BASE_PATH/marketplace/Liferay Commerce - Liferay Commerce - Impl.lpkg/com.liferay.commerce.pricing.web-4.0.75.hotfix-3865-7413.jar/META-INF/resources/commerce_pricing_class/edit_commerce_pricing_class_external_reference_code.jsp",
    "checksum": "3fe8bc42bd54627e5e0b5f8ed788774ae1df57eba4d8debec06d1811bde93bc5"
  },
  {
    "file": "MODULES_BASE_PATH/marketplace/Liferay Commerce - Liferay Commerce - Impl.lpkg/com.liferay.commerce.pricing.web-4.0.75.hotfix-3865-7413.jar/META-INF/resources/commerce_pricing_class/price_lists.jsp",
    "checksum": "c6f38764f96c320279a828ee2408155d50ca3418fcd83fe05f0af9474e57f923"
  },
  {
    "file": "MODULES_BASE_PATH/marketplace/Liferay Commerce - Liferay Commerce - Impl.lpkg/com.liferay.commerce.pricing.web-4.0.75.hotfix-3865-7413.jar/META-INF/resources/commerce_pricing_class/products.jsp",
    "checksum": "5550c18f983ff40eec10879bada39eeda3acc502ba24eedb845a79e07f1f801b"
  },
  {
    "file": "MODULES_BASE_PATH/marketplace/Liferay Commerce - Liferay Commerce - Impl.lpkg/com.liferay.commerce.pricing.web-4.0.75.hotfix-3865-7413.jar/META-INF/resources/commerce_pricing_class/view.jsp",
    "checksum": "adcd52aa6b4b06bdbb09261b9ec46484d49f09d4569d84fbcf49cf89d0d6bcd9"
  },
  {
    "file": "MODULES_BASE_PATH/marketplace/Liferay Commerce - Liferay Commerce - Impl.lpkg/com.liferay.commerce.pricing.web-4.0.75.hotfix-3865-7413.jar/META-INF/resources/cp_definitions/cp_definition_pricing_classes.jsp",
    "checksum": "cb1de8de1330bb705936642191b8d9586bb56a0aa7bdaff80678cc0567de2cd4"
  },
  {
    "file": "MODULES_BASE_PATH/marketplace/Liferay Commerce - Liferay Commerce - Impl.lpkg/com.liferay.commerce.pricing.web-4.0.75.hotfix-3865-7413.jar/META-INF/resources/cp_definitions/edit_cp_definition_pricing_class.jsp",
    "checksum": "95613b24acb0434472cc0942ed47028298d9bd3141c3ef9e0b2c176d9fdcb69b"
  },
  {
    "file": "MODULES_BASE_PATH/marketplace/Liferay Commerce - Liferay Commerce - Impl.lpkg/com.liferay.commerce.pricing.web-4.0.75.hotfix-3865-7413.jar/META-INF/resources/dynamic_include/default_commerce_discounts.jsp",
    "checksum": "96ccd830299ce0bc176103206935f04b2892b5cf3a0e17330fbe292f32ea8ea5"
  },
  {
    "file": "MODULES_BASE_PATH/marketplace/Liferay Commerce - Liferay Commerce - Impl.lpkg/com.liferay.commerce.pricing.web-4.0.75.hotfix-3865-7413.jar/META-INF/resources/dynamic_include/default_commerce_price_lists.jsp",
    "checksum": "e18e9e5a71e717bdb4a5b27a0f6668b99d57bbac7e2a22b9b214e89dd22383de"
  },
  {
    "file": "MODULES_BASE_PATH/marketplace/Liferay Commerce - Liferay Commerce - Impl.lpkg/com.liferay.commerce.pricing.web-4.0.75.hotfix-3865-7413.jar/META-INF/resources/dynamic_include/select_default_commerce_discount.jsp",
    "checksum": "035f2c4f58afc60a8164261120e4fbf00ada0ea5d9aba8df9469afe9c6644d6f"
  },
  {
    "file": "MODULES_BASE_PATH/marketplace/Liferay Commerce - Liferay Commerce - Impl.lpkg/com.liferay.commerce.pricing.web-4.0.75.hotfix-3865-7413.jar/META-INF/resources/dynamic_include/select_default_commerce_price_list.jsp",
    "checksum": "ca32aad406babf955db69a52c17a5d10680c68c50756795ec8f21268f0c1ee6a"
  },
  {
    "file": "MODULES_BASE_PATH/marketplace/Liferay Commerce - Liferay Commerce - Impl.lpkg/com.liferay.commerce.pricing.web-4.0.75.hotfix-3865-7413.jar/META-INF/resources/error.jsp",
    "checksum": "af221ea239ad08478f94ba638b5d4cf25b306d0deab313ce565ae91f7613416e"
  },
  {
    "file": "MODULES_BASE_PATH/marketplace/Liferay Commerce - Liferay Commerce - Impl.lpkg/com.liferay.commerce.pricing.web-4.0.75.hotfix-3865-7413.jar/META-INF/resources/init.jsp",
    "checksum": "6b3c93514c405ca243fdb81d3efb49386212f0ae2daee846ee4c0b341382fa71"
  },
  {
    "file": "MODULES_BASE_PATH/marketplace/Liferay Commerce - Liferay Commerce - Impl.lpkg/com.liferay.commerce.pricing.web-4.0.75.hotfix-3865-7413.jar/org/apache/jsp/commerce_005fdiscounts/add_005fcommerce_005fdiscount_jsp.class",
    "checksum": "54fe5665bc63ba5d11bb511e5aba52e724a757433144dfcce8b3cb6e1de9da99"
  },
  {
    "file": "MODULES_BASE_PATH/marketplace/Liferay Commerce - Liferay Commerce - Impl.lpkg/com.liferay.commerce.pricing.web-4.0.75.hotfix-3865-7413.jar/org/apache/jsp/commerce_005fdiscounts/details_jsp.class",
    "checksum": "e038d506e306fce0012d50cbfe5d37297f9184ba9ea668dd21f82d4a45673ed7"
  },
  {
    "file": "MODULES_BASE_PATH/marketplace/Liferay Commerce - Liferay Commerce - Impl.lpkg/com.liferay.commerce.pricing.web-4.0.75.hotfix-3865-7413.jar/org/apache/jsp/commerce_005fdiscounts/edit_005fcommerce_005fdiscount_005fexternal_005freference_005fcode_jsp.class",
    "checksum": "8df5340fecbf9ff6650de7c125f5ed3ff31ab94367410cfe66b1844c567d8ebf"
  },
  {
    "file": "MODULES_BASE_PATH/marketplace/Liferay Commerce - Liferay Commerce - Impl.lpkg/com.liferay.commerce.pricing.web-4.0.75.hotfix-3865-7413.jar/org/apache/jsp/commerce_005fdiscounts/edit_005fcommerce_005fdiscount_jsp.class",
    "checksum": "80b530142d493a7df744d0d162e859896a0895376d8bed5167e0660fe41654ab"
  },
  {
    "file": "MODULES_BASE_PATH/marketplace/Liferay Commerce - Liferay Commerce - Impl.lpkg/com.liferay.commerce.pricing.web-4.0.75.hotfix-3865-7413.jar/org/apache/jsp/commerce_005fdiscounts/qualifiers_jsp.class",
    "checksum": "76f0840de1cbf82c7e327e16b103104ee8e7506c7df344c59f70ceff7fe4aa84"
  },
  {
    "file": "MODULES_BASE_PATH/marketplace/Liferay Commerce - Liferay Commerce - Impl.lpkg/com.liferay.commerce.pricing.web-4.0.75.hotfix-3865-7413.jar/org/apache/jsp/commerce_005fdiscounts/rule/add_005fcommerce_005fdiscount_005frule_jsp.class",
    "checksum": "3b76ebed6146d140acbd078f1da66d25ddad700515309b968f0aad92469773fa"
  },
  {
    "file": "MODULES_BASE_PATH/marketplace/Liferay Commerce - Liferay Commerce - Impl.lpkg/com.liferay.commerce.pricing.web-4.0.75.hotfix-3865-7413.jar/org/apache/jsp/commerce_005fdiscounts/rule/edit_005fcommerce_005fdiscount_005frule_jsp.class",
    "checksum": "bfafa4367edbe253a69cb9215b542e925732113ee04e072a0b4170be0e77ad17"
  },
  {
    "file": "MODULES_BASE_PATH/marketplace/Liferay Commerce - Liferay Commerce - Impl.lpkg/com.liferay.commerce.pricing.web-4.0.75.hotfix-3865-7413.jar/org/apache/jsp/commerce_005fdiscounts/rule/type/added_005fall_jsp.class",
    "checksum": "cfd19a24b264eb6fe9e2939e17449ffd1f5ce9943969e115cbdd6fd613ba7ecd"
  },
  {
    "file": "MODULES_BASE_PATH/marketplace/Liferay Commerce - Liferay Commerce - Impl.lpkg/com.liferay.commerce.pricing.web-4.0.75.hotfix-3865-7413.jar/org/apache/jsp/commerce_005fdiscounts/rule/type/added_005fany_jsp.class",
    "checksum": "9baa18846c868a8611d745e35d43fa7ab67b6aa9d98479f3f821c1ac925cc9e8"
  },
  {
    "file": "MODULES_BASE_PATH/marketplace/Liferay Commerce - Liferay Commerce - Impl.lpkg/com.liferay.commerce.pricing.web-4.0.75.hotfix-3865-7413.jar/org/apache/jsp/commerce_005fdiscounts/rule/type/cart_005ftotal_jsp.class",
    "checksum": "405c48cf94e77922efb6828a6d74e868f30075b2a908a147363542f3cb83ebcd"
  },
  {
    "file": "MODULES_BASE_PATH/marketplace/Liferay Commerce - Liferay Commerce - Impl.lpkg/com.liferay.commerce.pricing.web-4.0.75.hotfix-3865-7413.jar/org/apache/jsp/commerce_005fdiscounts/view_jsp.class",
    "checksum": "2b1c41c60f0e63180635fd58e1eddc52a403787dd787ad71ebd8c3b93d31fa9a"
  },
  {
    "file": "MODULES_BASE_PATH/marketplace/Liferay Commerce - Liferay Commerce - Impl.lpkg/com.liferay.commerce.pricing.web-4.0.75.hotfix-3865-7413.jar/org/apache/jsp/commerce_005fprice_005flists/add_005fcommerce_005fprice_005flist_jsp.class",
    "checksum": "5996186758ce06036f3768aadf4c51a0673161006647dc5dbdbce28afae6e7a8"
  },
  {
    "file": "MODULES_BASE_PATH/marketplace/Liferay Commerce - Liferay Commerce - Impl.lpkg/com.liferay.commerce.pricing.web-4.0.75.hotfix-3865-7413.jar/org/apache/jsp/commerce_005fprice_005flists/add_005fcommerce_005fprice_005fmodifier_jsp.class",
    "checksum": "b6e0049026008013e858a54c71201de8bef079d971bf357849a5e3bc285e7e01"
  },
  {
    "file": "MODULES_BASE_PATH/marketplace/Liferay Commerce - Liferay Commerce - Impl.lpkg/com.liferay.commerce.pricing.web-4.0.75.hotfix-3865-7413.jar/org/apache/jsp/commerce_005fprice_005flists/add_005fcommerce_005ftier_005fprice_005fentry_jsp.class",
    "checksum": "2e32302b92d81376a7d4748f60817b82304f0ad456fafd14c85ae27d7c5025df"
  },
  {
    "file": "MODULES_BASE_PATH/marketplace/Liferay Commerce - Liferay Commerce - Impl.lpkg/com.liferay.commerce.pricing.web-4.0.75.hotfix-3865-7413.jar/org/apache/jsp/commerce_005fprice_005flists/commerce_005fprice_005flist/details_jsp.class",
    "checksum": "ba60b467b5fdeba4dfb976f2998a1f552c2d3e41124d60e6aaa5f168b64ad6fe"
  },
  {
    "file": "MODULES_BASE_PATH/marketplace/Liferay Commerce - Liferay Commerce - Impl.lpkg/com.liferay.commerce.pricing.web-4.0.75.hotfix-3865-7413.jar/org/apache/jsp/commerce_005fprice_005flists/commerce_005fprice_005flist/edit_005fcommerce_005fprice_005flist_005fexternal_005freference_005fcode_jsp.class",
    "checksum": "e6c0fff2e4af7966a48c170d89a9400bc77edccd3900029a1c5c1ca63bb7bf23"
  },
  {
    "file": "MODULES_BASE_PATH/marketplace/Liferay Commerce - Liferay Commerce - Impl.lpkg/com.liferay.commerce.pricing.web-4.0.75.hotfix-3865-7413.jar/org/apache/jsp/commerce_005fprice_005flists/commerce_005fprice_005fmodifier/categories_jsp.class",
    "checksum": "99717715653e2a71904b7135ffbd1dbc15e4717c9fc43c03a8ce6f08b21ca2d5"
  },
  {
    "file": "MODULES_BASE_PATH/marketplace/Liferay Commerce - Liferay Commerce - Impl.lpkg/com.liferay.commerce.pricing.web-4.0.75.hotfix-3865-7413.jar/org/apache/jsp/commerce_005fprice_005flists/commerce_005fprice_005fmodifier/info_jsp.class",
    "checksum": "1d78e8753f848bb30d50477ee66de5f65133d2ee546dca293addbcd5f7005d00"
  },
  {
    "file": "MODULES_BASE_PATH/marketplace/Liferay Commerce - Liferay Commerce - Impl.lpkg/com.liferay.commerce.pricing.web-4.0.75.hotfix-3865-7413.jar/org/apache/jsp/commerce_005fprice_005flists/commerce_005fprice_005fmodifier/pricing_005fclasses_jsp.class",
    "checksum": "962a115f8a45dc94a539eea989af40eb5e8eb34a9b89de9d4f44faece2d8a051"
  },
  {
    "file": "MODULES_BASE_PATH/marketplace/Liferay Commerce - Liferay Commerce - Impl.lpkg/com.liferay.commerce.pricing.web-4.0.75.hotfix-3865-7413.jar/org/apache/jsp/commerce_005fprice_005flists/commerce_005fprice_005fmodifier/products_jsp.class",
    "checksum": "d34965ad5c6727203435f14a88e9a0bbb4e0645108ed3bee439d6d0bf96126f2"
  },
  {
    "file": "MODULES_BASE_PATH/marketplace/Liferay Commerce - Liferay Commerce - Impl.lpkg/com.liferay.commerce.pricing.web-4.0.75.hotfix-3865-7413.jar/org/apache/jsp/commerce_005fprice_005flists/cp_005finstance/cp_005finstance_005fcommerce_005fprice_005flists_jsp.class",
    "checksum": "3f46b7d21be4c795e762af494fd7b0fef8fad8ba746b6681ce12e623db54487f"
  },
  {
    "file": "MODULES_BASE_PATH/marketplace/Liferay Commerce - Liferay Commerce - Impl.lpkg/com.liferay.commerce.pricing.web-4.0.75.hotfix-3865-7413.jar/org/apache/jsp/commerce_005fprice_005flists/cp_005finstance/cp_005finstance_005fcommerce_005fprice_005flists_jsp.java",
    "checksum": "adc2c641b2569c752aea5e77b118f29724dc34a13f1b413e4093124f70e7f490"
  },
  {
    "file": "MODULES_BASE_PATH/marketplace/Liferay Commerce - Liferay Commerce - Impl.lpkg/com.liferay.commerce.pricing.web-4.0.75.hotfix-3865-7413.jar/org/apache/jsp/commerce_005fprice_005flists/cp_005finstance/cp_005finstance_005fcommerce_005ftier_005fprice_005fentries_jsp.class",
    "checksum": "b69333bac95fe72717a31acea77c56104b760fb5bef6e92ad03afacded913593"
  },
  {
    "file": "MODULES_BASE_PATH/marketplace/Liferay Commerce - Liferay Commerce - Impl.lpkg/com.liferay.commerce.pricing.web-4.0.75.hotfix-3865-7413.jar/org/apache/jsp/commerce_005fprice_005flists/cp_005finstance/details_jsp.class",
    "checksum": "50f6dd64bd3e1be472df7e28b73586407f96905c82f3f7f1a7270e3678d2779d"
  },
  {
    "file": "MODULES_BASE_PATH/marketplace/Liferay Commerce - Liferay Commerce - Impl.lpkg/com.liferay.commerce.pricing.web-4.0.75.hotfix-3865-7413.jar/org/apache/jsp/commerce_005fprice_005flists/cp_005finstance/edit_005fcp_005finstance_005fcommerce_005fprice_005fentry_jsp.class",
    "checksum": "9abba0ef0c79afac22d3088225f50c0f15f16ae442d47b4d4d41e7a22ade3e5d"
  },
  {
    "file": "MODULES_BASE_PATH/marketplace/Liferay Commerce - Liferay Commerce - Impl.lpkg/com.liferay.commerce.pricing.web-4.0.75.hotfix-3865-7413.jar/org/apache/jsp/commerce_005fprice_005flists/cp_005finstance/edit_005fcp_005finstance_005fcommerce_005ftier_005fprice_005fentry_jsp.class",
    "checksum": "9d2ef68d4a9f9e47aba1f20471e448b036253e804bc0c7c5b972fc6088ed09ff"
  },
  {
    "file": "MODULES_BASE_PATH/marketplace/Liferay Commerce - Liferay Commerce - Impl.lpkg/com.liferay.commerce.pricing.web-4.0.75.hotfix-3865-7413.jar/org/apache/jsp/commerce_005fprice_005flists/edit_005fcommerce_005fprice_005fentry_jsp.class",
    "checksum": "65663e3d6850ba9cc211a60844e58bb2fda129ac30b10f3f85be2f562a6e64f5"
  },
  {
    "file": "MODULES_BASE_PATH/marketplace/Liferay Commerce - Liferay Commerce - Impl.lpkg/com.liferay.commerce.pricing.web-4.0.75.hotfix-3865-7413.jar/org/apache/jsp/commerce_005fprice_005flists/edit_005fcommerce_005fprice_005flist_jsp.class",
    "checksum": "66a2e970ee7081ed72987c86f0776bb67b5c845386c3befc48d7ee91406c882c"
  },
  {
    "file": "MODULES_BASE_PATH/marketplace/Liferay Commerce - Liferay Commerce - Impl.lpkg/com.liferay.commerce.pricing.web-4.0.75.hotfix-3865-7413.jar/org/apache/jsp/commerce_005fprice_005flists/edit_005fcommerce_005fprice_005fmodifier_jsp.class",
    "checksum": "259224d7f638c2299b9353eb98a283f09b669fe5150cad0be8a80f90ad6c10a2"
  },
  {
    "file": "MODULES_BASE_PATH/marketplace/Liferay Commerce - Liferay Commerce - Impl.lpkg/com.liferay.commerce.pricing.web-4.0.75.hotfix-3865-7413.jar/org/apache/jsp/commerce_005fprice_005flists/edit_005fcommerce_005ftier_005fprice_005fentry_jsp.class",
    "checksum": "603ba44b5bc249dc091f46ce4f34d77700d5d46ab4da06b204eba2bbc186f99d"
  },
  {
    "file": "MODULES_BASE_PATH/marketplace/Liferay Commerce - Liferay Commerce - Impl.lpkg/com.liferay.commerce.pricing.web-4.0.75.hotfix-3865-7413.jar/org/apache/jsp/commerce_005fprice_005flists/price_005fentries_jsp.class",
    "checksum": "2858fc4d1063eec31714a8c1bd6d1d3805d9bb58c00b59176c8d08548c16e889"
  },
  {
    "file": "MODULES_BASE_PATH/marketplace/Liferay Commerce - Liferay Commerce - Impl.lpkg/com.liferay.commerce.pricing.web-4.0.75.hotfix-3865-7413.jar/org/apache/jsp/commerce_005fprice_005flists/price_005fmodifiers_jsp.class",
    "checksum": "362bb218d97adbffcfdee79866def13324964d59e7a664443a7485838b8680f5"
  },
  {
    "file": "MODULES_BASE_PATH/marketplace/Liferay Commerce - Liferay Commerce - Impl.lpkg/com.liferay.commerce.pricing.web-4.0.75.hotfix-3865-7413.jar/org/apache/jsp/commerce_005fprice_005flists/qualifiers_jsp.class",
    "checksum": "f2c4c726647f07f64c20cebc7f84fc3ac173e8fa266c5364a118013d717e6b9c"
  },
  {
    "file": "MODULES_BASE_PATH/marketplace/Liferay Commerce - Liferay Commerce - Impl.lpkg/com.liferay.commerce.pricing.web-4.0.75.hotfix-3865-7413.jar/org/apache/jsp/commerce_005fprice_005flists/view_jsp.class",
    "checksum": "e48add03e455ffcb9fd358bcc7563cfb43bcf2596a1fb6d262992ac76831154e"
  },
  {
    "file": "MODULES_BASE_PATH/marketplace/Liferay Commerce - Liferay Commerce - Impl.lpkg/com.liferay.commerce.pricing.web-4.0.75.hotfix-3865-7413.jar/org/apache/jsp/commerce_005fpricing_005fclass/add_005fcommerce_005fpricing_005fclass_jsp.class",
    "checksum": "1ad6e4ad1a8347491fee6f59ed02745dea13d29ea6de2d0cf753f889b369d581"
  },
  {
    "file": "MODULES_BASE_PATH/marketplace/Liferay Commerce - Liferay Commerce - Impl.lpkg/com.liferay.commerce.pricing.web-4.0.75.hotfix-3865-7413.jar/org/apache/jsp/commerce_005fpricing_005fclass/details_jsp.class",
    "checksum": "f46913dc677739cc8c7c271953fad724b467133c9f45ad99557defc46b5d684a"
  },
  {
    "file": "MODULES_BASE_PATH/marketplace/Liferay Commerce - Liferay Commerce - Impl.lpkg/com.liferay.commerce.pricing.web-4.0.75.hotfix-3865-7413.jar/org/apache/jsp/commerce_005fpricing_005fclass/discounts_jsp.class",
    "checksum": "40131faff5d9c2daf7ccf7934ea711d8655f1504822a114a8dcca0944ffb1914"
  },
  {
    "file": "MODULES_BASE_PATH/marketplace/Liferay Commerce - Liferay Commerce - Impl.lpkg/com.liferay.commerce.pricing.web-4.0.75.hotfix-3865-7413.jar/org/apache/jsp/commerce_005fpricing_005fclass/edit_005fcommerce_005fpricing_005fclass_005fexternal_005freference_005fcode_jsp.class",
    "checksum": "cb34a95cf266497fc0898ddb652fe3ee4ef0c451dd8ab36f0397dc6207908122"
  },
  {
    "file": "MODULES_BASE_PATH/marketplace/Liferay Commerce - Liferay Commerce - Impl.lpkg/com.liferay.commerce.pricing.web-4.0.75.hotfix-3865-7413.jar/org/apache/jsp/commerce_005fpricing_005fclass/edit_005fcommerce_005fpricing_005fclass_jsp.class",
    "checksum": "bc616d14dd1020e451b20e5aea5fb336bc9aa9dab0c6dd01251daf5b905aa1e3"
  },
  {
    "file": "MODULES_BASE_PATH/marketplace/Liferay Commerce - Liferay Commerce - Impl.lpkg/com.liferay.commerce.pricing.web-4.0.75.hotfix-3865-7413.jar/org/apache/jsp/commerce_005fpricing_005fclass/price_005flists_jsp.class",
    "checksum": "c1c207dcaab9faa236b6d7bb1e461085c58a3c7d661cc500cb59d981f3e035f8"
  },
  {
    "file": "MODULES_BASE_PATH/marketplace/Liferay Commerce - Liferay Commerce - Impl.lpkg/com.liferay.commerce.pricing.web-4.0.75.hotfix-3865-7413.jar/org/apache/jsp/commerce_005fpricing_005fclass/products_jsp.class",
    "checksum": "cc466648b8cee271efb031f7ad1ba6e7f2827845c56cb2b05e0e75460715587e"
  },
  {
    "file": "MODULES_BASE_PATH/marketplace/Liferay Commerce - Liferay Commerce - Impl.lpkg/com.liferay.commerce.pricing.web-4.0.75.hotfix-3865-7413.jar/org/apache/jsp/commerce_005fpricing_005fclass/view_jsp.class",
    "checksum": "b3126deca6b2a860b96cd6655ab99b0393b96e8900ab2d64fd6eaacf5cdd2efd"
  },
  {
    "file": "MODULES_BASE_PATH/marketplace/Liferay Commerce - Liferay Commerce - Impl.lpkg/com.liferay.commerce.pricing.web-4.0.75.hotfix-3865-7413.jar/org/apache/jsp/cp_005fdefinitions/cp_005fdefinition_005fpricing_005fclasses_jsp.class",
    "checksum": "fcdb18e41bd793384134597d45d3393d2889568b93ac68feaca333a8560aaa75"
  },
  {
    "file": "MODULES_BASE_PATH/marketplace/Liferay Commerce - Liferay Commerce - Impl.lpkg/com.liferay.commerce.pricing.web-4.0.75.hotfix-3865-7413.jar/org/apache/jsp/cp_005fdefinitions/edit_005fcp_005fdefinition_005fpricing_005fclass_jsp.class",
    "checksum": "01ffb2cc8efe20d0a3533d6bd1ec0e4eeff7f578bab539facbbab68c34b09e46"
  },
  {
    "file": "MODULES_BASE_PATH/marketplace/Liferay Commerce - Liferay Commerce - Impl.lpkg/com.liferay.commerce.pricing.web-4.0.75.hotfix-3865-7413.jar/org/apache/jsp/dynamic_005finclude/default_005fcommerce_005fdiscounts_jsp.class",
    "checksum": "3499c5862365b104e1dc6be34a27eddaaf683bdfa97ebfcb35a4fe461f959ece"
  },
  {
    "file": "MODULES_BASE_PATH/marketplace/Liferay Commerce - Liferay Commerce - Impl.lpkg/com.liferay.commerce.pricing.web-4.0.75.hotfix-3865-7413.jar/org/apache/jsp/dynamic_005finclude/default_005fcommerce_005fprice_005flists_jsp.class",
    "checksum": "b99cfe33fb509bee461a88a8f502d1653a51bc6229c9615fdfa5ba2fb38e6dc6"
  },
  {
    "file": "MODULES_BASE_PATH/marketplace/Liferay Commerce - Liferay Commerce - Impl.lpkg/com.liferay.commerce.pricing.web-4.0.75.hotfix-3865-7413.jar/org/apache/jsp/dynamic_005finclude/select_005fdefault_005fcommerce_005fdiscount_jsp.class",
    "checksum": "c61341846628ca675fe8b423a4791e8aa25960eca024dad649ae9aacedeb4b90"
  },
  {
    "file": "MODULES_BASE_PATH/marketplace/Liferay Commerce - Liferay Commerce - Impl.lpkg/com.liferay.commerce.pricing.web-4.0.75.hotfix-3865-7413.jar/org/apache/jsp/dynamic_005finclude/select_005fdefault_005fcommerce_005fprice_005flist_jsp.class",
    "checksum": "1861ddc52c451078e45d5deba871744b8323eecb54923f2115e5226794dfdc6a"
  },
  {
    "file": "MODULES_BASE_PATH/marketplace/Liferay Commerce - Liferay Commerce - Impl.lpkg/com.liferay.commerce.pricing.web-4.0.75.hotfix-3865-7413.jar/org/apache/jsp/error_jsp.class",
    "checksum": "1ef4b5e980d463b70e4fcd048c54872f4f3d72826929ac334f5f70b25cb60217"
  },
  {
    "file": "MODULES_BASE_PATH/marketplace/Liferay Commerce - Liferay Commerce - Impl.lpkg/com.liferay.commerce.pricing.web-4.0.75.hotfix-3865-7413.jar/org/apache/jsp/init_jsp.class",
    "checksum": "c38be0a2876e752b0f38fd91f910360e8e8170bca15336ee4dd43a0c592d6470"
  },
  {
    "file": "MODULES_BASE_PATH/marketplace/Liferay Commerce - Liferay Commerce - Impl.lpkg/liferay-marketplace.properties",
    "checksum": "e084953f4871490f8eeaefdad6c98114178ed3ed026af046817436b7ae168db6"
  }
]