{
  "build": {
    "date": "Fri, 13 Oct 2023 09:13:15 PDT",
    "git-revision": "c0e406697ed4da463b9fb7d3027bdfecd0018888",
    "id": "250250688",
    "name": "COMMERCE-11084",
    "builder-revision": "7c62721c06cb23f1f77ced9abbd4160294046a88",
    "rt-revision": "ef6d05393dcb7a13680a0f54786fde0219170497"
  },
  "files": {
    "lpkg_files": [
      {
        "path": "MODULES_BASE_PATH/marketplace/Liferay Commerce - Liferay Commerce - Impl.lpkg",
        "change_type": "modified",
        "added_files": [],
        "removed_files": [],
        "modified_files": [
          "liferay-marketplace.properties"
        ],
        "modified_jars": [
          {
            "old_name": "com.liferay.commerce.pricing.web-4.0.75.jar",
            "new_name": "com.liferay.commerce.pricing.web-4.0.75.hotfix-3865-7413.jar",
            "added": [
              "source-classes-mapping.txt"
            ],
            "modified": [
              "META-INF/MANIFEST.MF",
              "META-INF/resources/commerce_discounts/add_commerce_discount.jsp",
              "META-INF/resources/commerce_discounts/coupon_code.jspf",
              "META-INF/resources/commerce_discounts/details.jsp",
              "META-INF/resources/commerce_discounts/edit_commerce_discount.jsp",
              "META-INF/resources/commerce_discounts/edit_commerce_discount_external_reference_code.jsp",
              "META-INF/resources/commerce_discounts/qualifier/account_groups.jspf",
              "META-INF/resources/commerce_discounts/qualifier/accounts.jspf",
              "META-INF/resources/commerce_discounts/qualifier/channels.jspf",
              "META-INF/resources/commerce_discounts/qualifier/order_types.jspf",
              "META-INF/resources/commerce_discounts/qualifiers.jsp",
              "META-INF/resources/commerce_discounts/rule/add_commerce_discount_rule.jsp",
              "META-INF/resources/commerce_discounts/rule/edit_commerce_discount_rule.jsp",
              "META-INF/resources/commerce_discounts/rule/type/added_all.jsp",
              "META-INF/resources/commerce_discounts/rule/type/added_any.jsp",
              "META-INF/resources/commerce_discounts/rule/type/cart_total.jsp",
              "META-INF/resources/commerce_discounts/rule/type/products.jspf",
              "META-INF/resources/commerce_discounts/rules.jspf",
              "META-INF/resources/commerce_discounts/target/categories.jspf",
              "META-INF/resources/commerce_discounts/target/pricing_classes.jspf",
              "META-INF/resources/commerce_discounts/target/products.jspf",
              "META-INF/resources/commerce_discounts/target/skus.jspf",
              "META-INF/resources/commerce_discounts/view.jsp",
              "META-INF/resources/commerce_price_lists/add_commerce_price_list.jsp",
              "META-INF/resources/commerce_price_lists/add_commerce_price_modifier.jsp",
              "META-INF/resources/commerce_price_lists/add_commerce_tier_price_entry.jsp",
              "META-INF/resources/commerce_price_lists/commerce_price_entry/custom_fields.jspf",
              "META-INF/resources/commerce_price_lists/commerce_price_entry/details.jspf",
              "META-INF/resources/commerce_price_lists/commerce_price_list/details.jsp",
              "META-INF/resources/commerce_price_lists/commerce_price_list/edit_commerce_price_list_external_reference_code.jsp",
              "META-INF/resources/commerce_price_lists/commerce_price_modifier/categories.jsp",
              "META-INF/resources/commerce_price_lists/commerce_price_modifier/info.jsp",
              "META-INF/resources/commerce_price_lists/commerce_price_modifier/pricing_classes.jsp",
              "META-INF/resources/commerce_price_lists/commerce_price_modifier/products.jsp",
              "META-INF/resources/commerce_price_lists/commerce_tier_price_entry/details.jspf",
              "META-INF/resources/commerce_price_lists/cp_instance/cp_instance_commerce_price_lists.jsp",
              "META-INF/resources/commerce_price_lists/cp_instance/cp_instance_commerce_tier_price_entries.jsp",
              "META-INF/resources/commerce_price_lists/cp_instance/details.jsp",
              "META-INF/resources/commerce_price_lists/cp_instance/edit_cp_instance_commerce_price_entry.jsp",
              "META-INF/resources/commerce_price_lists/cp_instance/edit_cp_instance_commerce_tier_price_entry.jsp",
              "META-INF/resources/commerce_price_lists/edit_commerce_price_entry.jsp",
              "META-INF/resources/commerce_price_lists/edit_commerce_price_list.jsp",
              "META-INF/resources/commerce_price_lists/edit_commerce_price_modifier.jsp",
              "META-INF/resources/commerce_price_lists/edit_commerce_tier_price_entry.jsp",
              "META-INF/resources/commerce_price_lists/price_entries.jsp",
              "META-INF/resources/commerce_price_lists/price_modifiers.jsp",
              "META-INF/resources/commerce_price_lists/qualifier/account_groups.jspf",
              "META-INF/resources/commerce_price_lists/qualifier/accounts.jspf",
              "META-INF/resources/commerce_price_lists/qualifier/channels.jspf",
              "META-INF/resources/commerce_price_lists/qualifier/order_types.jspf",
              "META-INF/resources/commerce_price_lists/qualifiers.jsp",
              "META-INF/resources/commerce_price_lists/view.jsp",
              "META-INF/resources/commerce_pricing_class/add_commerce_pricing_class.jsp",
              "META-INF/resources/commerce_pricing_class/details.jsp",
              "META-INF/resources/commerce_pricing_class/discounts.jsp",
              "META-INF/resources/commerce_pricing_class/edit_commerce_pricing_class.jsp",
              "META-INF/resources/commerce_pricing_class/edit_commerce_pricing_class_external_reference_code.jsp",
              "META-INF/resources/commerce_pricing_class/price_lists.jsp",
              "META-INF/resources/commerce_pricing_class/products.jsp",
              "META-INF/resources/commerce_pricing_class/view.jsp",
              "META-INF/resources/cp_definitions/cp_definition_pricing_classes.jsp",
              "META-INF/resources/cp_definitions/edit_cp_definition_pricing_class.jsp",
              "META-INF/resources/dynamic_include/default_commerce_discounts.jsp",
              "META-INF/resources/dynamic_include/default_commerce_price_lists.jsp",
              "META-INF/resources/dynamic_include/select_default_commerce_discount.jsp",
              "META-INF/resources/dynamic_include/select_default_commerce_price_list.jsp",
              "META-INF/resources/error.jsp",
              "META-INF/resources/init.jsp",
              "org/apache/jsp/commerce_005fdiscounts/add_005fcommerce_005fdiscount_jsp.class",
              "org/apache/jsp/commerce_005fdiscounts/details_jsp.class",
              "org/apache/jsp/commerce_005fdiscounts/edit_005fcommerce_005fdiscount_005fexternal_005freference_005fcode_jsp.class",
              "org/apache/jsp/commerce_005fdiscounts/edit_005fcommerce_005fdiscount_jsp.class",
              "org/apache/jsp/commerce_005fdiscounts/qualifiers_jsp.class",
              "org/apache/jsp/commerce_005fdiscounts/rule/add_005fcommerce_005fdiscount_005frule_jsp.class",
              "org/apache/jsp/commerce_005fdiscounts/rule/edit_005fcommerce_005fdiscount_005frule_jsp.class",
              "org/apache/jsp/commerce_005fdiscounts/rule/type/added_005fall_jsp.class",
              "org/apache/jsp/commerce_005fdiscounts/rule/type/added_005fany_jsp.class",
              "org/apache/jsp/commerce_005fdiscounts/rule/type/cart_005ftotal_jsp.class",
              "org/apache/jsp/commerce_005fdiscounts/view_jsp.class",
              "org/apache/jsp/commerce_005fprice_005flists/add_005fcommerce_005fprice_005flist_jsp.class",
              "org/apache/jsp/commerce_005fprice_005flists/add_005fcommerce_005fprice_005fmodifier_jsp.class",
              "org/apache/jsp/commerce_005fprice_005flists/add_005fcommerce_005ftier_005fprice_005fentry_jsp.class",
              "org/apache/jsp/commerce_005fprice_005flists/commerce_005fprice_005flist/details_jsp.class",
              "org/apache/jsp/commerce_005fprice_005flists/commerce_005fprice_005flist/edit_005fcommerce_005fprice_005flist_005fexternal_005freference_005fcode_jsp.class",
              "org/apache/jsp/commerce_005fprice_005flists/commerce_005fprice_005fmodifier/categories_jsp.class",
              "org/apache/jsp/commerce_005fprice_005flists/commerce_005fprice_005fmodifier/info_jsp.class",
              "org/apache/jsp/commerce_005fprice_005flists/commerce_005fprice_005fmodifier/pricing_005fclasses_jsp.class",
              "org/apache/jsp/commerce_005fprice_005flists/commerce_005fprice_005fmodifier/products_jsp.class",
              "org/apache/jsp/commerce_005fprice_005flists/cp_005finstance/cp_005finstance_005fcommerce_005fprice_005flists_jsp.class",
              "org/apache/jsp/commerce_005fprice_005flists/cp_005finstance/cp_005finstance_005fcommerce_005fprice_005flists_jsp.java",
              "org/apache/jsp/commerce_005fprice_005flists/cp_005finstance/cp_005finstance_005fcommerce_005ftier_005fprice_005fentries_jsp.class",
              "org/apache/jsp/commerce_005fprice_005flists/cp_005finstance/details_jsp.class",
              "org/apache/jsp/commerce_005fprice_005flists/cp_005finstance/edit_005fcp_005finstance_005fcommerce_005fprice_005fentry_jsp.class",
              "org/apache/jsp/commerce_005fprice_005flists/cp_005finstance/edit_005fcp_005finstance_005fcommerce_005ftier_005fprice_005fentry_jsp.class",
              "org/apache/jsp/commerce_005fprice_005flists/edit_005fcommerce_005fprice_005fentry_jsp.class",
              "org/apache/jsp/commerce_005fprice_005flists/edit_005fcommerce_005fprice_005flist_jsp.class",
              "org/apache/jsp/commerce_005fprice_005flists/edit_005fcommerce_005fprice_005fmodifier_jsp.class",
              "org/apache/jsp/commerce_005fprice_005flists/edit_005fcommerce_005ftier_005fprice_005fentry_jsp.class",
              "org/apache/jsp/commerce_005fprice_005flists/price_005fentries_jsp.class",
              "org/apache/jsp/commerce_005fprice_005flists/price_005fmodifiers_jsp.class",
              "org/apache/jsp/commerce_005fprice_005flists/qualifiers_jsp.class",
              "org/apache/jsp/commerce_005fprice_005flists/view_jsp.class",
              "org/apache/jsp/commerce_005fpricing_005fclass/add_005fcommerce_005fpricing_005fclass_jsp.class",
              "org/apache/jsp/commerce_005fpricing_005fclass/details_jsp.class",
              "org/apache/jsp/commerce_005fpricing_005fclass/discounts_jsp.class",
              "org/apache/jsp/commerce_005fpricing_005fclass/edit_005fcommerce_005fpricing_005fclass_005fexternal_005freference_005fcode_jsp.class",
              "org/apache/jsp/commerce_005fpricing_005fclass/edit_005fcommerce_005fpricing_005fclass_jsp.class",
              "org/apache/jsp/commerce_005fpricing_005fclass/price_005flists_jsp.class",
              "org/apache/jsp/commerce_005fpricing_005fclass/products_jsp.class",
              "org/apache/jsp/commerce_005fpricing_005fclass/view_jsp.class",
              "org/apache/jsp/cp_005fdefinitions/cp_005fdefinition_005fpricing_005fclasses_jsp.class",
              "org/apache/jsp/cp_005fdefinitions/edit_005fcp_005fdefinition_005fpricing_005fclass_jsp.class",
              "org/apache/jsp/dynamic_005finclude/default_005fcommerce_005fdiscounts_jsp.class",
              "org/apache/jsp/dynamic_005finclude/default_005fcommerce_005fprice_005flists_jsp.class",
              "org/apache/jsp/dynamic_005finclude/select_005fdefault_005fcommerce_005fdiscount_jsp.class",
              "org/apache/jsp/dynamic_005finclude/select_005fdefault_005fcommerce_005fprice_005flist_jsp.class",
              "org/apache/jsp/error_jsp.class",
              "org/apache/jsp/init_jsp.class"
            ],
            "removed": [
              "META-INF/liferay-releng.changelog"
            ],
            "change_type": "modified"
          }
        ]
      }
    ],
    "jar_files": [
      {
        "old_name": "WAR_PATH/WEB-INF/lib/com.liferay.shielded.container.api.jar",
        "new_name": "WAR_PATH/WEB-INF/lib/com.liferay.shielded.container.api.jar",
        "added": [
          "META-INF/liferay-releng.changelog"
        ],
        "modified": [
          "META-INF/MANIFEST.MF"
        ],
        "removed": [],
        "change_type": "modified"
      },
      {
        "old_name": "WAR_PATH/WEB-INF/shielded-container-lib/com.liferay.portal.osgi.web.jasper.plugins.taglib.jar",
        "new_name": "WAR_PATH/WEB-INF/shielded-container-lib/com.liferay.portal.osgi.web.jasper.plugins.taglib.jar",
        "added": [
          "META-INF/liferay-releng.changelog"
        ],
        "modified": [
          "META-INF/MANIFEST.MF"
        ],
        "removed": [],
        "change_type": "modified"
      },
      {
        "old_name": "WAR_PATH/WEB-INF/shielded-container-lib/portal-kernel.jar",
        "new_name": "WAR_PATH/WEB-INF/shielded-container-lib/portal-kernel.jar",
        "added": [
          "patcher-service.properties"
        ],
        "modified": [
          "META-INF/MANIFEST.MF",
          "META-INF/maven/com.liferay.portal/com.liferay.portal.kernel/pom.properties"
        ],
        "removed": [],
        "change_type": "modified"
      },
      {
        "old_name": "WAR_PATH/WEB-INF/shielded-container-lib/com.liferay.portal.app.license.impl.jar",
        "new_name": "WAR_PATH/WEB-INF/shielded-container-lib/com.liferay.portal.app.license.impl.jar",
        "added": [
          "com/liferay/portal/app/license/a/a.class",
          "com/liferay/portal/app/license/impl/a.class",
          "com/liferay/portal/app/license/impl/a/a.class",
          "com/liferay/portal/app/license/impl/b$a.class",
          "com/liferay/portal/app/license/impl/b.class",
          "com/liferay/portal/app/license/impl/c.class"
        ],
        "modified": [
          "META-INF/MANIFEST.MF",
          "com/liferay/portal/app/license/impl/MarketplaceAppLicenseHookConfigurator.class"
        ],
        "removed": [
          "com/liferay/portal/app/license/impl/events/MarketplaceAppServicePreAction.class",
          "com/liferay/portal/app/license/impl/MarketplaceAppLicenseVerifier$MarketplaceAppBundleListener.class",
          "com/liferay/portal/app/license/impl/MarketplaceAppLicenseVerifier.class",
          "com/liferay/portal/app/license/impl/MarketplaceAppLicenseVerifier$1.class",
          "com/liferay/portal/app/license/impl/MarketplaceAppLicenseHookConfigurator$1.class",
          "com/liferay/portal/app/license/internal/AppBundleTracker.class"
        ],
        "change_type": "modified"
      },
      {
        "old_name": "WAR_PATH/WEB-INF/shielded-container-lib/com.liferay.petra.url.pattern.mapper.jar",
        "new_name": "WAR_PATH/WEB-INF/shielded-container-lib/com.liferay.petra.url.pattern.mapper.jar",
        "added": [
          "META-INF/liferay-releng.changelog"
        ],
        "modified": [
          "META-INF/MANIFEST.MF"
        ],
        "removed": [],
        "change_type": "modified"
      },
      {
        "old_name": "WAR_PATH/WEB-INF/shielded-container-lib/com.liferay.petra.executor.jar",
        "new_name": "WAR_PATH/WEB-INF/shielded-container-lib/com.liferay.petra.executor.jar",
        "added": [
          "META-INF/liferay-releng.changelog"
        ],
        "modified": [
          "META-INF/MANIFEST.MF"
        ],
        "removed": [],
        "change_type": "modified"
      },
      {
        "old_name": "WAR_PATH/WEB-INF/shielded-container-lib/com.liferay.petra.sql.dsl.spi.jar",
        "new_name": "WAR_PATH/WEB-INF/shielded-container-lib/com.liferay.petra.sql.dsl.spi.jar",
        "added": [
          "META-INF/liferay-releng.changelog"
        ],
        "modified": [
          "META-INF/MANIFEST.MF"
        ],
        "removed": [],
        "change_type": "modified"
      },
      {
        "old_name": "WAR_PATH/WEB-INF/shielded-container-lib/com.liferay.jaxws.osgi.bridge.jar",
        "new_name": "WAR_PATH/WEB-INF/shielded-container-lib/com.liferay.jaxws.osgi.bridge.jar",
        "added": [
          "META-INF/liferay-releng.changelog"
        ],
        "modified": [
          "META-INF/MANIFEST.MF"
        ],
        "removed": [],
        "change_type": "modified"
      },
      {
        "old_name": "WAR_PATH/WEB-INF/shielded-container-lib/portal-impl.jar",
        "new_name": "WAR_PATH/WEB-INF/shielded-container-lib/portal-impl.jar",
        "added": [
          "patcher.properties"
        ],
        "modified": [
          "META-INF/MANIFEST.MF",
          "META-INF/maven/com.liferay.portal/com.liferay.portal.impl/pom.properties",
          "com/liferay/portal/deploy/dependencies/maven/com.liferay.portal/com.liferay.util.taglib/pom.properties",
          "com/liferay/portal/deploy/dependencies/util-bridges.jar",
          "com/liferay/portal/deploy/dependencies/util-java.jar",
          "com/liferay/portal/deploy/dependencies/util-slf4j.jar",
          "com/liferay/portal/deploy/dependencies/util-taglib.jar"
        ],
        "removed": [],
        "change_type": "modified"
      },
      {
        "old_name": "WAR_PATH/WEB-INF/shielded-container-lib/com.liferay.portal.log4j.jar",
        "new_name": "WAR_PATH/WEB-INF/shielded-container-lib/com.liferay.portal.log4j.jar",
        "added": [
          "META-INF/liferay-releng.changelog"
        ],
        "modified": [
          "META-INF/MANIFEST.MF"
        ],
        "removed": [],
        "change_type": "modified"
      },
      {
        "old_name": "WAR_PATH/WEB-INF/lib/support-tomcat.jar",
        "new_name": "WAR_PATH/WEB-INF/lib/support-tomcat.jar",
        "added": [],
        "modified": [
          "META-INF/MANIFEST.MF",
          "META-INF/maven/com.liferay.portal/com.liferay.support.tomcat/pom.properties"
        ],
        "removed": [],
        "change_type": "modified"
      },
      {
        "old_name": "WAR_PATH/WEB-INF/lib/com.liferay.shielded.container.impl.jar",
        "new_name": "WAR_PATH/WEB-INF/lib/com.liferay.shielded.container.impl.jar",
        "added": [],
        "modified": [
          "META-INF/MANIFEST.MF"
        ],
        "removed": [],
        "change_type": "modified"
      },
      {
        "old_name": "WAR_PATH/WEB-INF/shielded-container-lib/com.liferay.petra.nio.jar",
        "new_name": "WAR_PATH/WEB-INF/shielded-container-lib/com.liferay.petra.nio.jar",
        "added": [],
        "modified": [
          "META-INF/MANIFEST.MF"
        ],
        "removed": [],
        "change_type": "modified"
      },
      {
        "old_name": "WAR_PATH/WEB-INF/shielded-container-lib/com.liferay.portal.bootstrap.jar",
        "new_name": "WAR_PATH/WEB-INF/shielded-container-lib/com.liferay.portal.bootstrap.jar",
        "added": [],
        "modified": [
          "META-INF/MANIFEST.MF",
          "META-INF/system.packages.extra.mf"
        ],
        "removed": [],
        "change_type": "modified"
      },
      {
        "old_name": "WAR_PATH/WEB-INF/shielded-container-lib/util-taglib.jar",
        "new_name": "WAR_PATH/WEB-INF/shielded-container-lib/util-taglib.jar",
        "added": [],
        "modified": [
          "META-INF/MANIFEST.MF",
          "META-INF/maven/com.liferay.portal/com.liferay.util.taglib/pom.properties"
        ],
        "removed": [],
        "change_type": "modified"
      },
      {
        "old_name": "WAR_PATH/WEB-INF/shielded-container-lib/util-bridges.jar",
        "new_name": "WAR_PATH/WEB-INF/shielded-container-lib/util-bridges.jar",
        "added": [],
        "modified": [
          "META-INF/MANIFEST.MF",
          "META-INF/maven/com.liferay.portal/com.liferay.util.bridges/pom.properties"
        ],
        "removed": [],
        "change_type": "modified"
      },
      {
        "old_name": "WAR_PATH/WEB-INF/shielded-container-lib/com.liferay.petra.sql.dsl.api.jar",
        "new_name": "WAR_PATH/WEB-INF/shielded-container-lib/com.liferay.petra.sql.dsl.api.jar",
        "added": [],
        "modified": [
          "META-INF/MANIFEST.MF"
        ],
        "removed": [],
        "change_type": "modified"
      },
      {
        "old_name": "WAR_PATH/WEB-INF/shielded-container-lib/com.liferay.portal.jsp.engine.jar",
        "new_name": "WAR_PATH/WEB-INF/shielded-container-lib/com.liferay.portal.jsp.engine.jar",
        "added": [],
        "modified": [
          "META-INF/MANIFEST.MF"
        ],
        "removed": [],
        "change_type": "modified"
      },
      {
        "old_name": "WAR_PATH/WEB-INF/shielded-container-lib/com.liferay.portal.app.license.api.jar",
        "new_name": "WAR_PATH/WEB-INF/shielded-container-lib/com.liferay.portal.app.license.api.jar",
        "added": [],
        "modified": [
          "META-INF/MANIFEST.MF"
        ],
        "removed": [],
        "change_type": "modified"
      },
      {
        "old_name": "WAR_PATH/WEB-INF/shielded-container-lib/com.liferay.petra.string.jar",
        "new_name": "WAR_PATH/WEB-INF/shielded-container-lib/com.liferay.petra.string.jar",
        "added": [],
        "modified": [
          "META-INF/MANIFEST.MF"
        ],
        "removed": [],
        "change_type": "modified"
      },
      {
        "old_name": "WAR_PATH/WEB-INF/shielded-container-lib/com.liferay.portal.app.license.resolver.hook.jar",
        "new_name": "WAR_PATH/WEB-INF/shielded-container-lib/com.liferay.portal.app.license.resolver.hook.jar",
        "added": [],
        "modified": [
          "META-INF/MANIFEST.MF"
        ],
        "removed": [],
        "change_type": "modified"
      },
      {
        "old_name": "WAR_PATH/WEB-INF/shielded-container-lib/com.liferay.portal.dao.db.jar",
        "new_name": "WAR_PATH/WEB-INF/shielded-container-lib/com.liferay.portal.dao.db.jar",
        "added": [],
        "modified": [
          "META-INF/MANIFEST.MF"
        ],
        "removed": [],
        "change_type": "modified"
      },
      {
        "old_name": "WAR_PATH/WEB-INF/shielded-container-lib/util-java.jar",
        "new_name": "WAR_PATH/WEB-INF/shielded-container-lib/util-java.jar",
        "added": [],
        "modified": [
          "META-INF/MANIFEST.MF",
          "META-INF/maven/com.liferay.portal/com.liferay.util.java/pom.properties"
        ],
        "removed": [],
        "change_type": "modified"
      },
      {
        "old_name": "WAR_PATH/WEB-INF/shielded-container-lib/com.liferay.petra.concurrent.jar",
        "new_name": "WAR_PATH/WEB-INF/shielded-container-lib/com.liferay.petra.concurrent.jar",
        "added": [],
        "modified": [
          "META-INF/MANIFEST.MF"
        ],
        "removed": [],
        "change_type": "modified"
      },
      {
        "old_name": "WAR_PATH/WEB-INF/shielded-container-lib/com.liferay.petra.lang.jar",
        "new_name": "WAR_PATH/WEB-INF/shielded-container-lib/com.liferay.petra.lang.jar",
        "added": [],
        "modified": [
          "META-INF/MANIFEST.MF"
        ],
        "removed": [],
        "change_type": "modified"
      },
      {
        "old_name": "WAR_PATH/WEB-INF/shielded-container-lib/com.liferay.petra.process.jar",
        "new_name": "WAR_PATH/WEB-INF/shielded-container-lib/com.liferay.petra.process.jar",
        "added": [],
        "modified": [
          "META-INF/MANIFEST.MF"
        ],
        "removed": [],
        "change_type": "modified"
      },
      {
        "old_name": "WAR_PATH/WEB-INF/shielded-container-lib/com.liferay.petra.memory.jar",
        "new_name": "WAR_PATH/WEB-INF/shielded-container-lib/com.liferay.petra.memory.jar",
        "added": [],
        "modified": [
          "META-INF/MANIFEST.MF"
        ],
        "removed": [],
        "change_type": "modified"
      },
      {
        "old_name": "WAR_PATH/WEB-INF/shielded-container-lib/com.liferay.petra.function.jar",
        "new_name": "WAR_PATH/WEB-INF/shielded-container-lib/com.liferay.petra.function.jar",
        "added": [],
        "modified": [
          "META-INF/MANIFEST.MF"
        ],
        "removed": [],
        "change_type": "modified"
      },
      {
        "old_name": "WAR_PATH/WEB-INF/shielded-container-lib/com.liferay.petra.reflect.jar",
        "new_name": "WAR_PATH/WEB-INF/shielded-container-lib/com.liferay.petra.reflect.jar",
        "added": [],
        "modified": [
          "META-INF/MANIFEST.MF"
        ],
        "removed": [],
        "change_type": "modified"
      },
      {
        "old_name": "WAR_PATH/WEB-INF/shielded-container-lib/util-slf4j.jar",
        "new_name": "WAR_PATH/WEB-INF/shielded-container-lib/util-slf4j.jar",
        "added": [],
        "modified": [
          "META-INF/MANIFEST.MF",
          "META-INF/maven/com.liferay.portal/com.liferay.util.slf4j/pom.properties"
        ],
        "removed": [],
        "change_type": "modified"
      },
      {
        "old_name": "WAR_PATH/WEB-INF/shielded-container-lib/com.liferay.osgi.service.tracker.collections.jar",
        "new_name": "WAR_PATH/WEB-INF/shielded-container-lib/com.liferay.osgi.service.tracker.collections.jar",
        "added": [],
        "modified": [
          "META-INF/MANIFEST.MF"
        ],
        "removed": [],
        "change_type": "modified"
      },
      {
        "old_name": "WAR_PATH/WEB-INF/shielded-container-lib/com.liferay.petra.io.jar",
        "new_name": "WAR_PATH/WEB-INF/shielded-container-lib/com.liferay.petra.io.jar",
        "added": [],
        "modified": [
          "META-INF/MANIFEST.MF"
        ],
        "removed": [],
        "change_type": "modified"
      },
      {
        "old_name": "WAR_PATH/WEB-INF/shielded-container-lib/com.liferay.portal.web.jar",
        "new_name": "WAR_PATH/WEB-INF/shielded-container-lib/com.liferay.portal.web.jar",
        "added": [],
        "modified": [
          "META-INF/MANIFEST.MF"
        ],
        "removed": [],
        "change_type": "modified"
      }
    ],
    "other_files": {
      "added_files": [],
      "modified_files": [],
      "removed_files": []
    }
  },
  "fixed-issues": [
    "COMMERCE-11084"
  ],
  "patch": {
    "built-for": "SISTEMDXPCOM",
    "id": "hotfix-3865-7413",
    "name": "hotfix-3865",
    "product": "7413",
    "rank": "231013091315055",
    "type": "hotfix",
    "requirements": "u74"
  },
  "patching-tool": {
    "incompatible-version-message": "Please update Patching Tool to version 3.0.37 or higher in order to use this patch.",
    "version": "3037"
  },
  "file-checksums": {
    "file": "checksums.json",
    "checksum": "779629277d759b95b55e7eac492359eae4dd45122bc7fd0eaf8731d6b3f60aeb"
  }
}